,Air Temperature,Wind Speed,Humidity,Wet Bulb Temperature,Rain Intensity,Barometric Pressure,Wind Direction
Air Temperature,1.0,-0.06841785256095298,0.013906523415892016,0.7378086908713437,0.009036723239634607,-0.17192508885240926,-0.1240042582335195
Wind Speed,-0.06841785256095298,1.0,0.012765948716752667,-0.047850261589475626,0.02172213884506625,-0.018780080906059836,-0.02764407752861986
Humidity,0.013906523415892016,0.012765948716752667,1.0,0.1135486962265252,0.0964440946130172,-0.12356894466456816,-0.1340356896372588
Wet Bulb Temperature,0.7378086908713437,-0.047850261589475626,0.1135486962265252,1.0,0.019701026065684517,-0.15048579793753689,-0.20716812764201736
Rain Intensity,0.009036723239634607,0.02172213884506625,0.0964440946130172,0.019701026065684517,1.0,-0.03564248380037813,0.012047168414125365
Barometric Pressure,-0.17192508885240926,-0.018780080906059836,-0.12356894466456816,-0.15048579793753689,-0.03564248380037813,1.0,-0.017254945076129458
Wind Direction,-0.1240042582335195,-0.02764407752861986,-0.1340356896372588,-0.20716812764201736,0.012047168414125365,-0.017254945076129458,1.0
